,mean_fit_time,mean_score_time,mean_test_score,mean_train_score,param_filter__n,param_variant__alpha,param_variant__hidden_layer_sizes,params,rank_test_score,split0_test_score,split0_train_score,split1_test_score,split1_train_score,split2_test_score,split2_train_score,split3_test_score,split3_train_score,split4_test_score,split4_train_score,std_fit_time,std_score_time,std_test_score,std_train_score
0,0.634600067139,0.144599866867,0.604,0.604000153761,1,0.1,"(50, 50)","{'variant__hidden_layer_sizes': (50, 50), 'variant__alpha': 0.1, 'filter__n': 1}",169,0.602739726027,0.604316546763,0.602996254682,0.60425132854,0.60375,0.6040625,0.605263157895,0.603685196752,0.605263157895,0.603685196752,0.0555539071249,0.0188106326615,0.0010815422798,0.000270361309977
1,0.574799966812,0.151800012589,0.60325,0.603375094893,1,0.1,"(50,)","{'variant__hidden_layer_sizes': (50,), 'variant__alpha': 0.1, 'filter__n': 1}",192,0.602739726027,0.603378167032,0.601747815231,0.603626133167,0.6025,0.60375,0.605263157895,0.603060587133,0.604010025063,0.603060587133,0.00951627649267,0.00203962830488,0.00124113677147,0.00028334210921
2,0.583800029755,0.152199935913,0.604,0.604000153761,1,0.1,"(25,)","{'variant__hidden_layer_sizes': (25,), 'variant__alpha': 0.1, 'filter__n': 1}",169,0.602739726027,0.604316546763,0.602996254682,0.60425132854,0.60375,0.6040625,0.605263157895,0.603685196752,0.605263157895,0.603685196752,0.00775633791799,0.00132669753415,0.0010815422798,0.000270361309977
3,0.578200054169,0.152599954605,0.604,0.604000153761,1,0.1,"(25, 25)","{'variant__hidden_layer_sizes': (25, 25), 'variant__alpha': 0.1, 'filter__n': 1}",169,0.602739726027,0.604316546763,0.602996254682,0.60425132854,0.60375,0.6040625,0.605263157895,0.603685196752,0.605263157895,0.603685196752,0.0165577496278,0.00149669466587,0.0010815422798,0.000270361309977
4,0.633199977875,0.124800014496,0.604,0.604000153761,1,0.1,"(100, 25, 100)","{'variant__hidden_layer_sizes': (100, 25, 100), 'variant__alpha': 0.1, 'filter__n': 1}",169,0.602739726027,0.604316546763,0.602996254682,0.60425132854,0.60375,0.6040625,0.605263157895,0.603685196752,0.605263157895,0.603685196752,0.0121557120567,0.021866942308,0.0010815422798,0.000270361309977
5,0.599999952316,0.142400074005,0.604,0.604000153761,1,0.1,"(21, 21, 21, 21)","{'variant__hidden_layer_sizes': (21, 21, 21, 21), 'variant__alpha': 0.1, 'filter__n': 1}",169,0.602739726027,0.604316546763,0.602996254682,0.60425132854,0.60375,0.6040625,0.605263157895,0.603685196752,0.605263157895,0.603685196752,0.0118827821952,0.0177718630229,0.0010815422798,0.000270361309977
6,0.601200008392,0.134399986267,0.604,0.604000153761,1,0.01,"(50, 50)","{'variant__hidden_layer_sizes': (50, 50), 'variant__alpha': 0.01, 'filter__n': 1}",169,0.602739726027,0.604316546763,0.602996254682,0.60425132854,0.60375,0.6040625,0.605263157895,0.603685196752,0.605263157895,0.603685196752,0.011548240515,0.0236355730117,0.0010815422798,0.000270361309977
7,0.589800024033,0.116199970245,0.60375,0.603437555855,1,0.01,"(50,)","{'variant__hidden_layer_sizes': (50,), 'variant__alpha': 0.01, 'filter__n': 1}",189,0.602739726027,0.603378167032,0.602996254682,0.603626133167,0.60375,0.60375,0.605263157895,0.603372891943,0.604010025063,0.603060587133,0.0154324685934,0.0180155421403,0.000888221798683,0.000237906123274
8,0.585399961472,0.142000007629,0.604,0.604000153761,1,0.01,"(25,)","{'variant__hidden_layer_sizes': (25,), 'variant__alpha': 0.01, 'filter__n': 1}",169,0.602739726027,0.604316546763,0.602996254682,0.60425132854,0.60375,0.6040625,0.605263157895,0.603685196752,0.605263157895,0.603685196752,0.0109654202861,0.0185364473053,0.0010815422798,0.000270361309977
9,0.612599992752,0.132800006866,0.604,0.604000153761,1,0.01,"(25, 25)","{'variant__hidden_layer_sizes': (25, 25), 'variant__alpha': 0.01, 'filter__n': 1}",169,0.602739726027,0.604316546763,0.602996254682,0.60425132854,0.60375,0.6040625,0.605263157895,0.603685196752,0.605263157895,0.603685196752,0.0530117191617,0.0231292647076,0.0010815422798,0.000270361309977
10,0.61859998703,0.144199991226,0.604,0.604000153761,1,0.01,"(100, 25, 100)","{'variant__hidden_layer_sizes': (100, 25, 100), 'variant__alpha': 0.01, 'filter__n': 1}",169,0.602739726027,0.604316546763,0.602996254682,0.60425132854,0.60375,0.6040625,0.605263157895,0.603685196752,0.605263157895,0.603685196752,0.0154867914639,0.0186483872362,0.0010815422798,0.000270361309977
11,0.608399963379,0.133800029755,0.604,0.604000153761,1,0.01,"(21, 21, 21, 21)","{'variant__hidden_layer_sizes': (21, 21, 21, 21), 'variant__alpha': 0.01, 'filter__n': 1}",169,0.602739726027,0.604316546763,0.602996254682,0.60425132854,0.60375,0.6040625,0.605263157895,0.603685196752,0.605263157895,0.603685196752,0.00338230706549,0.0231464311886,0.0010815422798,0.000270361309977
12,0.602200078964,0.143199920654,0.604,0.604000153761,1,0.001,"(50, 50)","{'variant__hidden_layer_sizes': (50, 50), 'variant__alpha': 0.001, 'filter__n': 1}",169,0.602739726027,0.604316546763,0.602996254682,0.60425132854,0.60375,0.6040625,0.605263157895,0.603685196752,0.605263157895,0.603685196752,0.0105336916233,0.0191038765295,0.0010815422798,0.000270361309977
13,0.586800003052,0.115599966049,0.60375,0.603500114503,1,0.001,"(50,)","{'variant__hidden_layer_sizes': (50,), 'variant__alpha': 0.001, 'filter__n': 1}",189,0.602739726027,0.603690960275,0.602996254682,0.603626133167,0.60375,0.60375,0.605263157895,0.603372891943,0.604010025063,0.603060587133,0.0105905704663,0.0173736067883,0.000888221798683,0.000254603795263
14,0.591599988937,0.152399969101,0.604,0.604000153761,1,0.001,"(25,)","{'variant__hidden_layer_sizes': (25,), 'variant__alpha': 0.001, 'filter__n': 1}",169,0.602739726027,0.604316546763,0.602996254682,0.60425132854,0.60375,0.6040625,0.605263157895,0.603685196752,0.605263157895,0.603685196752,0.00601998670049,0.000800096993562,0.0010815422798,0.000270361309977
15,0.585600042343,0.133400011063,0.604,0.604000153761,1,0.001,"(25, 25)","{'variant__hidden_layer_sizes': (25, 25), 'variant__alpha': 0.001, 'filter__n': 1}",169,0.602739726027,0.604316546763,0.602996254682,0.60425132854,0.60375,0.6040625,0.605263157895,0.603685196752,0.605263157895,0.603685196752,0.0189799739747,0.0223838785333,0.0010815422798,0.000270361309977
16,0.627600002289,0.13499994278,0.604,0.604000153761,1,0.001,"(100, 25, 100)","{'variant__hidden_layer_sizes': (100, 25, 100), 'variant__alpha': 0.001, 'filter__n': 1}",169,0.602739726027,0.604316546763,0.602996254682,0.60425132854,0.60375,0.6040625,0.605263157895,0.603685196752,0.605263157895,0.603685196752,0.0125951670328,0.0228911015277,0.0010815422798,0.000270361309977
17,0.627200031281,0.14279999733,0.604,0.604000153761,1,0.001,"(21, 21, 21, 21)","{'variant__hidden_layer_sizes': (21, 21, 21, 21), 'variant__alpha': 0.001, 'filter__n': 1}",169,0.602739726027,0.604316546763,0.602996254682,0.60425132854,0.60375,0.6040625,0.605263157895,0.603685196752,0.605263157895,0.603685196752,0.0510075051475,0.0194155300159,0.0010815422798,0.000270361309977
18,0.634800052643,0.125599956512,0.604,0.604000153761,1,0.0001,"(50, 50)","{'variant__hidden_layer_sizes': (50, 50), 'variant__alpha': 0.0001, 'filter__n': 1}",169,0.602739726027,0.604316546763,0.602996254682,0.60425132854,0.60375,0.6040625,0.605263157895,0.603685196752,0.605263157895,0.603685196752,0.0512187928311,0.022808774916,0.0010815422798,0.000270361309977
19,0.616199922562,0.116000032425,0.60375,0.603500114503,1,0.0001,"(50,)","{'variant__hidden_layer_sizes': (50,), 'variant__alpha': 0.0001, 'filter__n': 1}",189,0.602739726027,0.603690960275,0.602996254682,0.603626133167,0.60375,0.60375,0.605263157895,0.603372891943,0.604010025063,0.603060587133,0.0496684676954,0.0181439473217,0.000888221798683,0.000254603795263
20,0.591800069809,0.152399969101,0.604,0.604000153761,1,0.0001,"(25,)","{'variant__hidden_layer_sizes': (25,), 'variant__alpha': 0.0001, 'filter__n': 1}",169,0.602739726027,0.604316546763,0.602996254682,0.60425132854,0.60375,0.6040625,0.605263157895,0.603685196752,0.605263157895,0.603685196752,0.0162898532343,0.00149673289383,0.0010815422798,0.000270361309977
21,0.590600013733,0.152199983597,0.604,0.604000153761,1,0.0001,"(25, 25)","{'variant__hidden_layer_sizes': (25, 25), 'variant__alpha': 0.0001, 'filter__n': 1}",169,0.602739726027,0.604316546763,0.602996254682,0.60425132854,0.60375,0.6040625,0.605263157895,0.603685196752,0.605263157895,0.603685196752,0.00791449529993,0.00116617945515,0.0010815422798,0.000270361309977
22,0.641799974442,0.135200023651,0.604,0.604000153761,1,0.0001,"(100, 25, 100)","{'variant__hidden_layer_sizes': (100, 25, 100), 'variant__alpha': 0.0001, 'filter__n': 1}",169,0.602739726027,0.604316546763,0.602996254682,0.60425132854,0.60375,0.6040625,0.605263157895,0.603685196752,0.605263157895,0.603685196752,0.0320898362944,0.0226220686527,0.0010815422798,0.000270361309977
23,0.61360001564,0.142399978638,0.604,0.604000153761,1,0.0001,"(21, 21, 21, 21)","{'variant__hidden_layer_sizes': (21, 21, 21, 21), 'variant__alpha': 0.0001, 'filter__n': 1}",169,0.602739726027,0.604316546763,0.602996254682,0.60425132854,0.60375,0.6040625,0.605263157895,0.603685196752,0.605263157895,0.603685196752,0.0402273437728,0.0187146828686,0.0010815422798,0.000270361309977
24,0.630800056458,0.150399923325,0.627,0.635934932414,10,0.1,"(50, 50)","{'variant__hidden_layer_sizes': (50, 50), 'variant__alpha': 0.1, 'filter__n': 10}",163,0.631382316314,0.64247732249,0.610486891386,0.606752110034,0.63,0.6428125,0.646616541353,0.640537164272,0.616541353383,0.647095565272,0.0378755612153,0.00293934011602,0.0126036250912,0.0147477536575
25,0.608599996567,0.143800067902,0.63725,0.640745654366,10,0.1,"(50,)","{'variant__hidden_layer_sizes': (50,), 'variant__alpha': 0.1, 'filter__n': 10}",143,0.627646326276,0.632155145449,0.644194756554,0.627383557362,0.6375,0.6475,0.65664160401,0.648969394129,0.62030075188,0.647720174891,0.021209508851,0.0194463638713,0.0126695057822,0.00910206017323
26,0.605399990082,0.142999982834,0.635,0.643498644315,10,0.1,"(25,)","{'variant__hidden_layer_sizes': (25,), 'variant__alpha': 0.1, 'filter__n': 10}",152,0.628891656289,0.641851736003,0.644194756554,0.639262269459,0.63375,0.643125,0.652882205514,0.643035602748,0.615288220551,0.650218613367,0.0196224233546,0.0190262794456,0.0128858078068,0.00363788896285
27,0.626000022888,0.132000017166,0.63825,0.64412352764,10,0.1,"(25, 25)","{'variant__hidden_layer_sizes': (25, 25), 'variant__alpha': 0.1, 'filter__n': 10}",141,0.640099626401,0.64247732249,0.641697877653,0.643638637074,0.63625,0.6371875,0.651629072682,0.646783260462,0.621553884712,0.650530918176,0.0292847651146,0.0217255907443,0.00975655799,0.00445381683163
28,0.660999917984,0.152600002289,0.62875,0.638249111563,10,0.1,"(100, 25, 100)","{'variant__hidden_layer_sizes': (100, 25, 100), 'variant__alpha': 0.1, 'filter__n': 10}",161,0.642590286426,0.635595871129,0.625468164794,0.64989059081,0.59375,0.6203125,0.654135338346,0.634603372892,0.627819548872,0.650843222986,0.0128062064741,0.000800049306294,0.0203554597041,0.0112799717304
29,0.614600038528,0.133999967575,0.62225,0.634561628244,10,0.1,"(21, 21, 21, 21)","{'variant__hidden_layer_sizes': (21, 21, 21, 21), 'variant__alpha': 0.1, 'filter__n': 10}",168,0.622665006227,0.6296527995,0.604244694132,0.631134729603,0.6325,0.645,0.642857142857,0.628981886321,0.609022556391,0.638038725796,0.021657362277,0.0236896178737,0.0143384253416,0.00613226819652
30,0.633799982071,0.142200040817,0.627,0.638183663767,10,0.01,"(50, 50)","{'variant__hidden_layer_sizes': (50, 50), 'variant__alpha': 0.01, 'filter__n': 10}",163,0.630136986301,0.642790115734,0.610486891386,0.606752110034,0.6275,0.643125,0.644110275689,0.644597126796,0.622807017544,0.653653966271,0.0381491826724,0.0183999300005,0.0108877727255,0.0162113635523
31,0.593800067902,0.144000005722,0.6355,0.640811495512,10,0.01,"(50,)","{'variant__hidden_layer_sizes': (50,), 'variant__alpha': 0.01, 'filter__n': 10}",151,0.626400996264,0.643728495464,0.644194756554,0.627383557362,0.63625,0.645625,0.646616541353,0.638975640225,0.624060150376,0.64834478451,0.00895319018076,0.0176861704189,0.00909032079169,0.00737711386527
32,0.607199907303,0.13360004425,0.63725,0.641684228481,10,0.01,"(25,)","{'variant__hidden_layer_sizes': (25,), 'variant__alpha': 0.01, 'filter__n': 10}",143,0.641344956413,0.631529558962,0.646691635456,0.64020006252,0.63375,0.643125,0.652882205514,0.643035602748,0.611528822055,0.650530918176,0.0135999953046,0.0209628279934,0.0142969748073,0.00612349598176
33,0.619799995422,0.151000022888,0.63425,0.645186261466,10,0.01,"(25, 25)","{'variant__hidden_layer_sizes': (25, 25), 'variant__alpha': 0.01, 'filter__n': 10}",153,0.641344956413,0.639974976541,0.632958801498,0.649265395436,0.63,0.6421875,0.641604010025,0.644284821986,0.625313283208,0.650218613367,0.031770435765,0.00126493248006,0.00638545938268,0.00397307320944
34,0.694199991226,0.150800037384,0.63175,0.642374132236,10,0.01,"(100, 25, 100)","{'variant__hidden_layer_sizes': (100, 25, 100), 'variant__alpha': 0.01, 'filter__n': 10}",157,0.631382316314,0.639349390053,0.637952559301,0.65082838387,0.6125,0.6303125,0.644110275689,0.643972517177,0.632832080201,0.647407870081,0.0589521520259,0.00172047893441,0.0106092457245,0.00712740849499
35,0.609200000763,0.142200040817,0.62675,0.634123620859,10,0.01,"(21, 21, 21, 21)","{'variant__hidden_layer_sizes': (21, 21, 21, 21), 'variant__alpha': 0.01, 'filter__n': 10}",165,0.616438356164,0.631529558962,0.614232209738,0.62363238512,0.6325,0.6453125,0.647869674185,0.634291068082,0.622807017544,0.63585259213,0.0282800420555,0.0191352828523,0.0123054130931,0.00700005115856
36,0.609399986267,0.151200008392,0.6265,0.637621651835,10,0.001,"(50, 50)","{'variant__hidden_layer_sizes': (50, 50), 'variant__alpha': 0.001, 'filter__n': 10}",166,0.628891656289,0.643102908977,0.610486891386,0.606752110034,0.62625,0.6434375,0.644110275689,0.644597126796,0.622807017544,0.650218613367,0.0211338516598,0.00193907894673,0.0108212260985,0.0156469650187
37,0.614199972153,0.143000078201,0.637,0.641373644169,10,0.001,"(50,)","{'variant__hidden_layer_sizes': (50,), 'variant__alpha': 0.001, 'filter__n': 10}",146,0.626400996264,0.643728495464,0.644194756554,0.627383557362,0.63625,0.645625,0.65037593985,0.639600249844,0.627819548872,0.650530918176,0.0185945737577,0.01911023638,0.00924867922647,0.00782741942886
38,0.58360004425,0.14219994545,0.64025,0.641684502114,10,0.001,"(25,)","{'variant__hidden_layer_sizes': (25,), 'variant__alpha': 0.001, 'filter__n': 10}",138,0.657534246575,0.632780731936,0.646691635456,0.64020006252,0.6325,0.6421875,0.652882205514,0.642723297939,0.611528822055,0.650530918176,0.0162800413467,0.0186484097376,0.016634253766,0.00567577069784
39,0.633000040054,0.150399923325,0.6365,0.644685968662,10,0.001,"(25, 25)","{'variant__hidden_layer_sizes': (25, 25), 'variant__alpha': 0.001, 'filter__n': 10}",148,0.640099626401,0.639974976541,0.632958801498,0.648952797749,0.635,0.6378125,0.651629072682,0.647407870081,0.622807017544,0.649281698938,0.019524247495,0.00185469724987,0.00941442833431,0.00482023511426
40,0.70200009346,0.14939994812,0.62925,0.64062202264,10,0.001,"(100, 25, 100)","{'variant__hidden_layer_sizes': (100, 25, 100), 'variant__alpha': 0.001, 'filter__n': 10}",160,0.642590286426,0.634657491398,0.631710362047,0.648015004689,0.59375,0.620625,0.647869674185,0.651155527795,0.630325814536,0.648657089319,0.0520153855378,0.00344095232415,0.0189310410268,0.011538022
41,0.64219994545,0.151000022888,0.63075,0.6358752418,10,0.001,"(21, 21, 21, 21)","{'variant__hidden_layer_sizes': (21, 21, 21, 21), 'variant__alpha': 0.001, 'filter__n': 10}",158,0.616438356164,0.631529558962,0.640449438202,0.638324476399,0.6325,0.645,0.641604010025,0.628044971893,0.622807017544,0.636477201749,0.0533193492989,0.00384708306057,0.00983156843099,0.00582787103949
42,0.631199979782,0.140800046921,0.628,0.638496105301,10,0.0001,"(50, 50)","{'variant__hidden_layer_sizes': (50, 50), 'variant__alpha': 0.0001, 'filter__n': 10}",162,0.628891656289,0.643102908977,0.610486891386,0.606752110034,0.62625,0.6434375,0.644110275689,0.644597126796,0.630325814536,0.6545908807,0.0378967120675,0.0186053623349,0.0107260515753,0.0164291540596
43,0.603800010681,0.141599988937,0.634,0.641248761284,10,0.0001,"(50,)","{'variant__hidden_layer_sizes': (50,), 'variant__alpha': 0.0001, 'filter__n': 10}",154,0.626400996264,0.643728495464,0.644194756554,0.627383557362,0.63625,0.6459375,0.646616541353,0.638975640225,0.616541353383,0.650218613367,0.0122540231385,0.0178617150343,0.0112241559352,0.0078230755831
44,0.577400064468,0.14219994545,0.637,0.640558251246,10,0.0001,"(25,)","{'variant__hidden_layer_sizes': (25,), 'variant__alpha': 0.0001, 'filter__n': 10}",146,0.638854296389,0.627463246794,0.647940074906,0.638637074086,0.63375,0.6421875,0.652882205514,0.643035602748,0.611528822055,0.651467832605,0.00835703435422,0.0181151875169,0.0143709529896,0.00778435290402
45,0.625199985504,0.151800060272,0.63575,0.643935871085,10,0.0001,"(25, 25)","{'variant__hidden_layer_sizes': (25, 25), 'variant__alpha': 0.0001, 'filter__n': 10}",150,0.640099626401,0.639974976541,0.639200998752,0.649265395436,0.625,0.6328125,0.651629072682,0.647720174891,0.622807017544,0.649906308557,0.0340845840153,0.00256123906186,0.0106310258759,0.00659983300696
46,0.686199951172,0.151399993896,0.63025,0.636498700326,10,0.0001,"(100, 25, 100)","{'variant__hidden_layer_sizes': (100, 25, 100), 'variant__alpha': 0.0001, 'filter__n': 10}",159,0.635118306351,0.631216765718,0.630461922597,0.648952797749,0.59375,0.620625,0.654135338346,0.634603372892,0.637844611529,0.647095565272,0.0387989511801,0.00287058113651,0.0199133186283,0.0104963188846
47,0.646199989319,0.141000032425,0.62375,0.635998054568,10,0.0001,"(21, 21, 21, 21)","{'variant__hidden_layer_sizes': (21, 21, 21, 21), 'variant__alpha': 0.0001, 'filter__n': 10}",167,0.622665006227,0.629340006256,0.602996254682,0.630509534229,0.6325,0.6453125,0.645363408521,0.638038725796,0.615288220551,0.636789506558,0.0291231348946,0.016049953159,0.0144664767977,0.00576199777602
48,0.652999973297,0.124400043488,0.651,0.672373577888,30,0.1,"(50, 50)","{'variant__hidden_layer_sizes': (50, 50), 'variant__alpha': 0.1, 'filter__n': 30}",122,0.645080946451,0.679074131999,0.647940074906,0.652078774617,0.62875,0.6746875,0.674185463659,0.681761399126,0.659147869674,0.674266083698,0.0283336846665,0.0201057242674,0.0151132229783,0.0105246706986
49,0.61159992218,0.149800014496,0.6485,0.664366738674,30,0.1,"(50,)","{'variant__hidden_layer_sizes': (50,), 'variant__alpha': 0.1, 'filter__n': 30}",124,0.662515566625,0.654676258993,0.631710362047,0.645201625508,0.63125,0.65125,0.652882205514,0.677076826983,0.664160401003,0.693628981886,0.0422118679191,0.0037629405027,0.0144275452226,0.0181718519431
50,0.596199989319,0.141400003433,0.646,0.65787316013,30,0.1,"(25,)","{'variant__hidden_layer_sizes': (25,), 'variant__alpha': 0.1, 'filter__n': 30}",131,0.652552926526,0.650922740069,0.634207240949,0.658643326039,0.64125,0.659375,0.65037593985,0.658026233604,0.651629072682,0.662398500937,0.0209418382721,0.0177155594192,0.00715004331833,0.00378574057371
51,0.610799980164,0.15140004158,0.6445,0.652247182126,30,0.1,"(25, 25)","{'variant__hidden_layer_sizes': (25, 25), 'variant__alpha': 0.1, 'filter__n': 30}",135,0.653798256538,0.64591804817,0.637952559301,0.648640200063,0.64625,0.6509375,0.629072681704,0.650218613367,0.655388471178,0.665521549032,0.0106283086248,0.00162476622007,0.00988368765683,0.00685722147041
52,0.676799964905,0.148600053787,0.63225,0.650130989412,30,0.1,"(100, 25, 100)","{'variant__hidden_layer_sizes': (100, 25, 100), 'variant__alpha': 0.1, 'filter__n': 30}",156,0.646326276463,0.659680950891,0.634207240949,0.651453579244,0.62625,0.6721875,0.611528822055,0.612117426608,0.642857142857,0.655215490319,0.0452477535369,0.0021540603299,0.0124839430375,0.0202500556737
53,0.660800027847,0.148800039291,0.64,0.652883354862,30,0.1,"(21, 21, 21, 21)","{'variant__hidden_layer_sizes': (21, 21, 21, 21), 'variant__alpha': 0.1, 'filter__n': 30}",139,0.653798256538,0.671879887394,0.640449438202,0.652703969991,0.6425,0.6725,0.605263157895,0.603685196752,0.657894736842,0.663647720175,0.0313521836297,0.00213544844891,0.018550529544,0.0256204742956
54,0.652399969101,0.15060005188,0.6485,0.680186412404,30,0.01,"(50, 50)","{'variant__hidden_layer_sizes': (50, 50), 'variant__alpha': 0.01, 'filter__n': 30}",124,0.651307596513,0.685329996872,0.644194756554,0.666770865896,0.62875,0.67875,0.664160401003,0.701124297314,0.654135338346,0.668956901936,0.0266803326985,0.00265330521056,0.0117715388356,0.0124337730376
55,0.613800001144,0.125199985504,0.6475,0.657808337565,30,0.01,"(50,)","{'variant__hidden_layer_sizes': (50,), 'variant__alpha': 0.01, 'filter__n': 30}",128,0.662515566625,0.654363465749,0.634207240949,0.644889027821,0.6325,0.6525,0.647869674185,0.675515302936,0.660401002506,0.661773891318,0.0171510973656,0.0227543549246,0.0126046590718,0.0103558330712
56,0.591199970245,0.142400026321,0.65175,0.657936070415,30,0.01,"(25,)","{'variant__hidden_layer_sizes': (25,), 'variant__alpha': 0.01, 'filter__n': 30}",120,0.653798256538,0.652173913043,0.634207240949,0.658955923726,0.6425,0.659375,0.676691729323,0.658338538413,0.651629072682,0.660836976889,0.0127812216701,0.0192103797356,0.0142720418433,0.00299634162152
57,0.617999982834,0.150600004196,0.64575,0.65130968187,30,0.01,"(25, 25)","{'variant__hidden_layer_sizes': (25, 25), 'variant__alpha': 0.01, 'filter__n': 30}",132,0.652552926526,0.644979668439,0.6354556804,0.648952797749,0.65375,0.648125,0.630325814536,0.648657089319,0.65664160401,0.665833853841,0.0099799685312,0.00185475895256,0.0106976637141,0.00739937821847
58,0.688999938965,0.150400066376,0.63725,0.660687519404,30,0.01,"(100, 25, 100)","{'variant__hidden_layer_sizes': (100, 25, 100), 'variant__alpha': 0.01, 'filter__n': 30}",143,0.642590286426,0.669064748201,0.627965043695,0.652703969991,0.6,0.651875,0.677944862155,0.666146158651,0.637844611529,0.663647720175,0.0210903361678,0.00241669055281,0.0251188796962,0.00707297748954
59,0.672599935532,0.146799993515,0.64475,0.664124430168,30,0.01,"(21, 21, 21, 21)","{'variant__hidden_layer_sizes': (21, 21, 21, 21), 'variant__alpha': 0.01, 'filter__n': 30}",134,0.653798256538,0.651548326556,0.644194756554,0.677711784933,0.63375,0.670625,0.652882205514,0.655527795128,0.639097744361,0.665209244222,0.0204508274911,0.00203954414172,0.00776301747398,0.00959281976526
60,0.675600004196,0.149800014496,0.64625,0.679435299213,30,0.001,"(50, 50)","{'variant__hidden_layer_sizes': (50, 50), 'variant__alpha': 0.001, 'filter__n': 30}",130,0.652552926526,0.684078823897,0.637952559301,0.662707095967,0.6275,0.6753125,0.665413533835,0.699875078076,0.647869674185,0.675202998126,0.0391949276952,0.0029933256056,0.0128787550075,0.0122807940389
61,0.623199939728,0.135600042343,0.648,0.660056483017,30,0.001,"(50,)","{'variant__hidden_layer_sizes': (50,), 'variant__alpha': 0.001, 'filter__n': 30}",126,0.663760896638,0.653737879262,0.6354556804,0.643951234761,0.6325,0.651875,0.657894736842,0.679575265459,0.65037593985,0.671143035603,0.0158669351307,0.0213128025286,0.0122510086855,0.013191929013
62,0.605999994278,0.150199985504,0.65225,0.657754099123,30,0.001,"(25,)","{'variant__hidden_layer_sizes': (25,), 'variant__alpha': 0.001, 'filter__n': 30}",119,0.6600249066,0.66812636847,0.644194756554,0.66145670522,0.64375,0.6590625,0.677944862155,0.660836976889,0.635338345865,0.639287945034,0.00721106922509,0.00132664002698,0.0151113091723,0.00973147633539
63,0.60640001297,0.144399929047,0.64275,0.652122845957,30,0.001,"(25, 25)","{'variant__hidden_layer_sizes': (25, 25), 'variant__alpha': 0.001, 'filter__n': 30}",137,0.651307596513,0.646543634657,0.634207240949,0.648640200063,0.64875,0.6540625,0.630325814536,0.6480324797,0.649122807018,0.663335415365,0.022357202968,0.0152130770148,0.00868403888181,0.00615583443264
64,0.694800043106,0.14299993515,0.6365,0.658628414216,30,0.001,"(100, 25, 100)","{'variant__hidden_layer_sizes': (100, 25, 100), 'variant__alpha': 0.001, 'filter__n': 30}",148,0.625155666252,0.661557710353,0.651685393258,0.664582682088,0.625,0.6696875,0.615288220551,0.62336039975,0.665413533835,0.673953778888,0.0284492382706,0.0180776401731,0.0188415929268,0.0181385617226
65,0.657999992371,0.151200008392,0.634,0.644256338118,30,0.001,"(21, 21, 21, 21)","{'variant__hidden_layer_sizes': (21, 21, 21, 21), 'variant__alpha': 0.001, 'filter__n': 30}",154,0.65504358655,0.650297153581,0.645443196005,0.653329165364,0.6125,0.66625,0.605263157895,0.603685196752,0.651629072682,0.647720174891,0.0244866621809,0.00172047893441,0.0208403569892,0.0212628525161
66,0.642999982834,0.151599979401,0.6455,0.67131369399,30,0.0001,"(50, 50)","{'variant__hidden_layer_sizes': (50, 50), 'variant__alpha': 0.0001, 'filter__n': 30}",133,0.646326276463,0.678761338755,0.644194756554,0.663019693654,0.6325,0.6746875,0.646616541353,0.657713928795,0.657894736842,0.682386008745,0.0212131966924,0.00185471781848,0.00807316615255,0.00941477762356
67,0.634800004959,0.1507999897,0.64875,0.662867792776,30,0.0001,"(50,)","{'variant__hidden_layer_sizes': (50,), 'variant__alpha': 0.0001, 'filter__n': 30}",123,0.663760896638,0.65530184548,0.63670411985,0.643326039387,0.63375,0.6534375,0.652882205514,0.679575265459,0.65664160401,0.682698313554,0.0457226341141,0.00360000133633,0.011624205407,0.0154947946331
68,0.61859998703,0.143600034714,0.65125,0.660750779969,30,0.0001,"(25,)","{'variant__hidden_layer_sizes': (25,), 'variant__alpha': 0.0001, 'filter__n': 30}",121,0.662515566625,0.665936815765,0.632958801498,0.656767739919,0.64125,0.66,0.675438596491,0.659275452842,0.644110275689,0.661773891318,0.00652993245408,0.0188106803183,0.0154715789204,0.00305111759338
69,0.615999984741,0.142600011826,0.6465,0.651184994358,30,0.0001,"(25, 25)","{'variant__hidden_layer_sizes': (25, 25), 'variant__alpha': 0.0001, 'filter__n': 30}",129,0.653798256538,0.645605254926,0.6354556804,0.648952797749,0.65375,0.6484375,0.631578947368,0.647407870081,0.657894736842,0.665521549032,0.033793393362,0.0178616424208,0.0107680351223,0.00725904107702
70,0.701000022888,0.15019993782,0.63775,0.664819610112,30,0.0001,"(100, 25, 100)","{'variant__hidden_layer_sizes': (100, 25, 100), 'variant__alpha': 0.0001, 'filter__n': 30}",142,0.651307596513,0.685017203628,0.642946317104,0.663332291341,0.61375,0.6734375,0.614035087719,0.621798875703,0.666666666667,0.680512179888,0.0319812479986,0.00146963923854,0.0208930965502,0.0227220741235
71,0.646799993515,0.141599988937,0.639,0.654250269103,30,0.0001,"(21, 21, 21, 21)","{'variant__hidden_layer_sizes': (21, 21, 21, 21), 'variant__alpha': 0.0001, 'filter__n': 30}",140,0.652552926526,0.654363465749,0.647940074906,0.657080337606,0.60125,0.651875,0.661654135338,0.655527795128,0.631578947368,0.652404747033,0.0255688239345,0.0163168750542,0.0212429712382,0.00193401287361
72,0.640599918365,0.14279999733,0.66975,0.694683423441,60,0.1,"(50, 50)","{'variant__hidden_layer_sizes': (50, 50), 'variant__alpha': 0.1, 'filter__n': 60}",31,0.657534246575,0.667500781983,0.660424469413,0.712410128165,0.66125,0.7034375,0.685463659148,0.679887570269,0.684210526316,0.71018113679,0.0322714053919,0.0184975940029,0.0123611835364,0.0178261734735
73,0.623799991608,0.142799949646,0.65975,0.688506765654,60,0.1,"(50,)","{'variant__hidden_layer_sizes': (50,), 'variant__alpha': 0.1, 'filter__n': 60}",100,0.65504358655,0.699718486081,0.646691635456,0.707408565177,0.65125,0.68625,0.679197994987,0.661461586508,0.666666666667,0.687695190506,0.0289441321375,0.0184108663069,0.0117491876469,0.0156216136207
74,0.614799976349,0.133400011063,0.66,0.689631510423,60,0.1,"(25,)","{'variant__hidden_layer_sizes': (25,), 'variant__alpha': 0.1, 'filter__n': 60}",97,0.656288916563,0.693462621207,0.659176029963,0.713347921225,0.66125,0.6965625,0.654135338346,0.642723297939,0.669172932331,0.702061211743,0.0119062781246,0.0224195933891,0.00518279196163,0.0244133653603
75,0.648400020599,0.143399953842,0.66375,0.689936355476,60,0.1,"(25, 25)","{'variant__hidden_layer_sizes': (25, 25), 'variant__alpha': 0.1, 'filter__n': 60}",73,0.66500622665,0.686581169847,0.656679151061,0.688340106283,0.66,0.6915625,0.676691729323,0.688632104934,0.660401002506,0.694565896315,0.0250886026534,0.0178169227483,0.00698517438399,0.00281365761807
76,0.770199966431,0.140600013733,0.65675,0.707134397179,60,0.1,"(100, 25, 100)","{'variant__hidden_layer_sizes': (100, 25, 100), 'variant__alpha': 0.1, 'filter__n': 60}",114,0.658779576588,0.753831717235,0.661672908864,0.709596748984,0.64125,0.661875,0.68045112782,0.699875078076,0.641604010025,0.710493441599,0.0745611317143,0.0173735754997,0.0145452161523,0.0293226765595
77,0.649599981308,0.152199983597,0.65875,0.662698397137,60,0.1,"(21, 21, 21, 21)","{'variant__hidden_layer_sizes': (21, 21, 21, 21), 'variant__alpha': 0.1, 'filter__n': 60}",103,0.661270236613,0.682202064435,0.665418227216,0.683025945608,0.66875,0.670625,0.691729323308,0.67270455965,0.606516290727,0.60493441599,0.00972828443939,0.0020395254382,0.028133085173,0.0293026760009
78,0.652799940109,0.142199993134,0.6675,0.696804030318,60,0.01,"(50, 50)","{'variant__hidden_layer_sizes': (50, 50), 'variant__alpha': 0.01, 'filter__n': 60}",46,0.6600249066,0.664060056303,0.657927590512,0.706783369803,0.6575,0.6959375,0.675438596491,0.712679575265,0.68671679198,0.704559650219,0.0366135786228,0.0186912707519,0.0116538213869,0.0172318802983
79,0.630200004578,0.142599964142,0.65925,0.691382098339,60,0.01,"(50,)","{'variant__hidden_layer_sizes': (50,), 'variant__alpha': 0.01, 'filter__n': 60}",101,0.651307596513,0.700344072568,0.644194756554,0.718974679587,0.65125,0.684375,0.68045112782,0.662398500937,0.669172932331,0.690818238601,0.0453272392078,0.0188107254403,0.0134227011909,0.0186071696146
80,0.678800010681,0.142800045013,0.66475,0.698565224533,60,0.01,"(25,)","{'variant__hidden_layer_sizes': (25,), 'variant__alpha': 0.01, 'filter__n': 60}",65,0.648816936488,0.695652173913,0.662921348315,0.716161300406,0.6675,0.70125,0.677944862155,0.67270455965,0.666666666667,0.707058088695,0.0325846743689,0.0185192315186,0.00941338087677,0.0146028661516
81,0.628399944305,0.15200009346,0.66425,0.683190825247,60,0.01,"(25, 25)","{'variant__hidden_layer_sizes': (25, 25), 'variant__alpha': 0.01, 'filter__n': 60}",71,0.666251556663,0.68689396309,0.656679151061,0.685214129415,0.655,0.6975,0.68671679198,0.681136789507,0.65664160401,0.665209244222,0.022023595835,0.00200002193664,0.0119013526425,0.0104891924449
82,0.728200006485,0.13200006485,0.66125,0.693566051918,60,0.01,"(100, 25, 100)","{'variant__hidden_layer_sizes': (100, 25, 100), 'variant__alpha': 0.01, 'filter__n': 60}",90,0.663760896638,0.731936190178,0.644194756554,0.664270084401,0.64,0.67,0.687969924812,0.695815115553,0.670426065163,0.705808869457,0.0690692229123,0.0205036140049,0.0175800730504,0.0246610011734
83,0.628000068665,0.149799966812,0.6565,0.663196364664,60,0.01,"(21, 21, 21, 21)","{'variant__hidden_layer_sizes': (21, 21, 21, 21), 'variant__alpha': 0.01, 'filter__n': 60}",115,0.646326276463,0.672818267125,0.664169787765,0.687402313223,0.6775,0.67375,0.68671679198,0.673641474079,0.607769423559,0.608369768894,0.00509901465202,0.00299333834866,0.02786860692,0.0279461771474
84,0.656999969482,0.151999950409,0.66775,0.691254913232,60,0.001,"(50, 50)","{'variant__hidden_layer_sizes': (50, 50), 'variant__alpha': 0.001, 'filter__n': 60}",44,0.66500622665,0.709415076634,0.659176029963,0.691153485464,0.66375,0.6853125,0.677944862155,0.683322923173,0.672932330827,0.687070580887,0.0198695361036,0.00167334125517,0.00674723890859,0.00943969491966
85,0.683199977875,0.142000055313,0.6585,0.697007938444,60,0.001,"(50,)","{'variant__hidden_layer_sizes': (50,), 'variant__alpha': 0.001, 'filter__n': 60}",108,0.65504358655,0.697528933375,0.634207240949,0.746483276024,0.65125,0.685,0.68045112782,0.662086196127,0.671679197995,0.693941286696,0.0478973985655,0.0176974222452,0.0161823009709,0.0276449036511
86,0.632999992371,0.141799974442,0.66225,0.698005950653,60,0.001,"(25,)","{'variant__hidden_layer_sizes': (25,), 'variant__alpha': 0.001, 'filter__n': 60}",85,0.651307596513,0.71754770097,0.667915106117,0.700218818381,0.6475,0.6934375,0.675438596491,0.671455340412,0.669172932331,0.707370393504,0.0248756457531,0.0185622921673,0.0108737542109,0.0154937098492
87,0.746600103378,0.147599935532,0.66625,0.691750397133,60,0.001,"(25, 25)","{'variant__hidden_layer_sizes': (25, 25), 'variant__alpha': 0.001, 'filter__n': 60}",52,0.658779576588,0.685642790116,0.656679151061,0.687089715536,0.65625,0.7171875,0.689223057644,0.677076826983,0.670426065163,0.691755153029,0.0647567578664,0.00224506960529,0.0125822895327,0.0135748642885
88,0.888799953461,0.13719997406,0.663,0.703626504963,60,0.001,"(100, 25, 100)","{'variant__hidden_layer_sizes': (100, 25, 100), 'variant__alpha': 0.001, 'filter__n': 60}",76,0.668742216687,0.738504848295,0.65418227216,0.674898405752,0.6425,0.6715625,0.681704260652,0.735165521549,0.667919799499,0.698001249219,0.0707655783325,0.0171743997219,0.0134485305907,0.0286225645307
89,0.755200052261,0.148000001907,0.65875,0.668953557016,60,0.001,"(21, 21, 21, 21)","{'variant__hidden_layer_sizes': (21, 21, 21, 21), 'variant__alpha': 0.001, 'filter__n': 60}",103,0.667496886675,0.70222083203,0.646691635456,0.699906220694,0.6775,0.6678125,0.691729323308,0.669893816365,0.610275689223,0.60493441599,0.0871558548126,0.00228039467939,0.0282939725985,0.035115282975
90,0.735799980164,0.146999979019,0.669,0.682366741531,60,0.0001,"(50, 50)","{'variant__hidden_layer_sizes': (50, 50), 'variant__alpha': 0.0001, 'filter__n': 60}",36,0.661270236613,0.660932123866,0.641697877653,0.662707095967,0.66875,0.699375,0.695488721805,0.681761399126,0.677944862155,0.707058088695,0.0944191314539,0.00189732960343,0.0178105711764,0.0186829035134
91,0.645600032806,0.148199939728,0.66225,0.687193992095,60,0.0001,"(50,)","{'variant__hidden_layer_sizes': (50,), 'variant__alpha': 0.0001, 'filter__n': 60}",85,0.657534246575,0.699405692837,0.651685393258,0.703969990622,0.65375,0.6834375,0.68045112782,0.661461586508,0.667919799499,0.687695190506,0.0140656288626,0.00312404438605,0.0106662201778,0.0148800463143
92,0.661400032043,0.140199995041,0.66,0.695377665628,60,0.0001,"(25,)","{'variant__hidden_layer_sizes': (25,), 'variant__alpha': 0.0001, 'filter__n': 60}",97,0.652552926526,0.695652173913,0.657927590512,0.710221944358,0.64625,0.69375,0.672932330827,0.671143035603,0.670426065163,0.706121174266,0.0259584197863,0.0167140082263,0.0102399977468,0.0136074797925
93,0.630200004578,0.151200008392,0.67025,0.692064049215,60,0.0001,"(25, 25)","{'variant__hidden_layer_sizes': (25, 25), 'variant__alpha': 0.0001, 'filter__n': 60}",27,0.66500622665,0.68689396309,0.657927590512,0.68865270397,0.66125,0.7225,0.713032581454,0.695190505934,0.654135338346,0.667083073079,0.00941061601378,0.00231514375299,0.0216584319293,0.0178803695007
94,0.704800033569,0.148799991608,0.66375,0.69938361488,60,0.0001,"(100, 25, 100)","{'variant__hidden_layer_sizes': (100, 25, 100), 'variant__alpha': 0.0001, 'filter__n': 60}",73,0.661270236613,0.755708476697,0.656679151061,0.673960612691,0.63625,0.665625,0.694235588972,0.708307307933,0.670426065163,0.693316677077,0.0528636527856,0.00248202765591,0.0188890858196,0.0318587608346
95,0.677400016785,0.149800014496,0.64775,0.672885525304,60,0.0001,"(21, 21, 21, 21)","{'variant__hidden_layer_sizes': (21, 21, 21, 21), 'variant__alpha': 0.0001, 'filter__n': 60}",127,0.648816936488,0.676571786049,0.640449438202,0.694592060019,0.65125,0.7153125,0.690476190476,0.670206121174,0.607769423559,0.607745159275,0.0536791529763,0.00231521790146,0.026390041145,0.0361531654002
96,0.6757999897,0.149399995804,0.66225,0.705994567696,80,0.1,"(50, 50)","{'variant__hidden_layer_sizes': (50, 50), 'variant__alpha': 0.1, 'filter__n': 80}",85,0.635118306351,0.710979042853,0.646691635456,0.675836198812,0.6675,0.6953125,0.687969924812,0.718301061836,0.674185463659,0.729544034978,0.0301091165015,0.00101978610252,0.0190303808131,0.0187323569467
97,0.681999969482,0.122600030899,0.665,0.714761099824,80,0.1,"(50,)","{'variant__hidden_layer_sizes': (50,), 'variant__alpha': 0.1, 'filter__n': 80}",64,0.666251556663,0.772912105099,0.659176029963,0.690840887777,0.65125,0.6940625,0.685463659148,0.737351655215,0.66290726817,0.678638351031,0.0641653516852,0.0203628129932,0.0113725882137,0.0352060624517
98,0.627200031281,0.142999982834,0.66275,0.696748892498,80,0.1,"(25,)","{'variant__hidden_layer_sizes': (25,), 'variant__alpha': 0.1, 'filter__n': 80}",79,0.637608966376,0.672192680638,0.646691635456,0.725851828696,0.6575,0.705625,0.699248120301,0.706745783885,0.672932330827,0.673329169269,0.0319587393926,0.0186010959509,0.0216905551598,0.0208671751523
99,0.688199996948,0.132400035858,0.65825,0.701689990853,80,0.1,"(25, 25)","{'variant__hidden_layer_sizes': (25, 25), 'variant__alpha': 0.1, 'filter__n': 80}",111,0.661270236613,0.694088207695,0.637952559301,0.733354173179,0.65625,0.693125,0.679197994987,0.713928794503,0.65664160401,0.673953778888,0.0561120078416,0.0220145851549,0.0131602358314,0.020262538769
100,0.75560002327,0.149199962616,0.65875,0.706061651466,80,0.1,"(100, 25, 100)","{'variant__hidden_layer_sizes': (100, 25, 100), 'variant__alpha': 0.1, 'filter__n': 80}",103,0.650062266501,0.690960275258,0.641697877653,0.721162863395,0.65625,0.714375,0.667919799499,0.680824484697,0.677944862155,0.722985633979,0.0481813271628,0.00160005688728,0.0128416878352,0.0170208442773
101,0.691200017929,0.148600053787,0.667,0.698815753141,80,0.1,"(21, 21, 21, 21)","{'variant__hidden_layer_sizes': (21, 21, 21, 21), 'variant__alpha': 0.1, 'filter__n': 80}",48,0.66500622665,0.705035971223,0.645443196005,0.696467646139,0.67125,0.7128125,0.696741854637,0.697064334791,0.65664160401,0.682698313554,0.0391581690367,0.00279998098147,0.0171855974941,0.0100294862001
102,0.68700003624,0.149199962616,0.65875,0.715744258101,80,0.01,"(50, 50)","{'variant__hidden_layer_sizes': (50, 50), 'variant__alpha': 0.01, 'filter__n': 80}",103,0.635118306351,0.715670941508,0.65543071161,0.698655829947,0.67125,0.695625,0.660401002506,0.751717676452,0.671679197995,0.717051842598,0.030252193668,0.00318746586889,0.0133962520946,0.0199629702386
103,0.620200014114,0.141599941254,0.6645,0.69450803987,80,0.01,"(50,)","{'variant__hidden_layer_sizes': (50,), 'variant__alpha': 0.01, 'filter__n': 80}",68,0.666251556663,0.721614013137,0.656679151061,0.691466083151,0.65375,0.695625,0.677944862155,0.683322923173,0.667919799499,0.680512179888,0.0241611733348,0.0180399475426,0.00862394676932,0.014602916281
104,0.625600004196,0.123600006104,0.66075,0.697310104497,80,0.01,"(25,)","{'variant__hidden_layer_sizes': (25,), 'variant__alpha': 0.01, 'filter__n': 80}",93,0.637608966376,0.672818267125,0.639200998752,0.727102219444,0.66625,0.6946875,0.689223057644,0.718301061836,0.671679197995,0.673641474079,0.0338562256673,0.022455303254,0.0198017295642,0.0223388568243
105,0.637200021744,0.143200063705,0.6565,0.695249795174,80,0.01,"(25, 25)","{'variant__hidden_layer_sizes': (25, 25), 'variant__alpha': 0.01, 'filter__n': 80}",115,0.662515566625,0.694713794182,0.619225967541,0.695217255392,0.66375,0.695,0.684210526316,0.713616489694,0.652882205514,0.677701436602,0.0311987143962,0.0181372312919,0.0212555156713,0.011363371944
106,0.681799983978,0.149600028992,0.66525,0.697814913914,80,0.01,"(100, 25, 100)","{'variant__hidden_layer_sizes': (100, 25, 100), 'variant__alpha': 0.01, 'filter__n': 80}",60,0.673723536737,0.706287144198,0.669163545568,0.691778680838,0.64,0.705,0.677944862155,0.683947532792,0.665413533835,0.702061211743,0.0330236619077,0.00249799376399,0.0133097773417,0.00860436589443
107,0.686199998856,0.14980006218,0.664,0.697690031761,80,0.01,"(21, 21, 21, 21)","{'variant__hidden_layer_sizes': (21, 21, 21, 21), 'variant__alpha': 0.01, 'filter__n': 80}",72,0.65504358655,0.706287144198,0.661672908864,0.704282588309,0.65,0.6865625,0.687969924812,0.684259837601,0.665413533835,0.707058088695,0.0390046272546,0.00160005688728,0.0130923967571,0.0100928163864
108,0.666400003433,0.141999912262,0.65925,0.713433470061,80,0.001,"(50, 50)","{'variant__hidden_layer_sizes': (50, 50), 'variant__alpha': 0.001, 'filter__n': 80}",101,0.653798256538,0.686268376603,0.621722846442,0.748046264458,0.66125,0.6971875,0.685463659148,0.717051842598,0.674185463659,0.718613366646,0.0337970153237,0.0187723920656,0.0216879183708,0.0211652702803
109,0.64560008049,0.1507999897,0.6565,0.713684627493,80,0.001,"(50,)","{'variant__hidden_layer_sizes': (50,), 'variant__alpha': 0.001, 'filter__n': 80}",115,0.651307596513,0.713794182046,0.642946317104,0.709596748984,0.6525,0.6965625,0.667919799499,0.730793254216,0.667919799499,0.717676452217,0.0246462396444,0.00183312634159,0.00987082253877,0.0111223178859
110,0.599000024796,0.153399991989,0.6615,0.687126955799,80,0.001,"(25,)","{'variant__hidden_layer_sizes': (25,), 'variant__alpha': 0.001, 'filter__n': 80}",89,0.635118306351,0.671254300907,0.639200998752,0.710221944358,0.6625,0.7078125,0.69298245614,0.67270455965,0.677944862155,0.673641474079,0.0218723609773,0.00101981415523,0.0221625600483,0.0179057261044
111,0.616199970245,0.143400001526,0.66,0.686254225321,80,0.001,"(25, 25)","{'variant__hidden_layer_sizes': (25, 25), 'variant__alpha': 0.001, 'filter__n': 80}",97,0.658779576588,0.69283703472,0.629213483146,0.693029071585,0.67875,0.6934375,0.679197994987,0.67301686446,0.654135338346,0.67895065584,0.0200339990748,0.0187680843819,0.0184607788318,0.00859536161347
112,0.662000083923,0.152199935913,0.66275,0.693063757949,80,0.001,"(100, 25, 100)","{'variant__hidden_layer_sizes': (100, 25, 100), 'variant__alpha': 0.001, 'filter__n': 80}",79,0.653798256538,0.690960275258,0.67290886392,0.694279462332,0.6575,0.7065625,0.679197994987,0.67895065584,0.65037593985,0.694565896315,0.0330454480452,0.00172045122082,0.0112598667903,0.00882671721926
113,0.673999977112,0.149599933624,0.65425,0.685187690061,80,0.001,"(21, 21, 21, 21)","{'variant__hidden_layer_sizes': (21, 21, 21, 21), 'variant__alpha': 0.001, 'filter__n': 80}",118,0.66500622665,0.709102283391,0.647940074906,0.700218818381,0.60375,0.604375,0.68671679198,0.687695190506,0.667919799499,0.724547158026,0.0403683457505,0.00205914814861,0.0280859352941,0.0421520788208
114,0.654400014877,0.151199960709,0.6585,0.710243122407,80,0.0001,"(50, 50)","{'variant__hidden_layer_sizes': (50, 50), 'variant__alpha': 0.0001, 'filter__n': 80}",108,0.658779576588,0.70816390366,0.644194756554,0.674898405752,0.64875,0.7134375,0.682957393484,0.729856339788,0.657894736842,0.724859462836,0.0317779828632,0.00172042904566,0.0133945575486,0.0192981444589
115,0.649600028992,0.150999975204,0.66575,0.712735813819,80,0.0001,"(50,)","{'variant__hidden_layer_sizes': (50,), 'variant__alpha': 0.0001, 'filter__n': 80}",55,0.641344956413,0.675946199562,0.660424469413,0.691466083151,0.67,0.723125,0.679197994987,0.755777638976,0.677944862155,0.717364147408,0.0522364274733,0.00282844128724,0.0139501844235,0.0275239260789
116,0.627799987793,0.142999982834,0.65875,0.698436705389,80,0.0001,"(25,)","{'variant__hidden_layer_sizes': (25,), 'variant__alpha': 0.0001, 'filter__n': 80}",103,0.636363636364,0.673756646856,0.637952559301,0.728040012504,0.6625,0.709375,0.685463659148,0.709244222361,0.671679197995,0.671767645222,0.0143583739571,0.0190472958628,0.019124576229,0.0220596852363
117,0.622799921036,0.142000055313,0.663,0.697998838759,80,0.0001,"(25, 25)","{'variant__hidden_layer_sizes': (25, 25), 'variant__alpha': 0.0001, 'filter__n': 80}",76,0.66500622665,0.695026587426,0.627965043695,0.693966864645,0.66875,0.7021875,0.68045112782,0.670830730793,0.672932330827,0.727982510931,0.0265586374978,0.0180666013929,0.0182661987703,0.0183290079577
118,0.688799905777,0.151800060272,0.6655,0.697248895869,80,0.0001,"(100, 25, 100)","{'variant__hidden_layer_sizes': (100, 25, 100), 'variant__alpha': 0.0001, 'filter__n': 80}",58,0.658779576588,0.690021895527,0.667915106117,0.694279462332,0.64125,0.7109375,0.675438596491,0.681761399126,0.684210526316,0.709244222361,0.0317010370874,0.00331058533859,0.014744309622,0.0112443351565
119,0.65860004425,0.1507999897,0.6445,0.662432979434,80,0.0001,"(21, 21, 21, 21)","{'variant__hidden_layer_sizes': (21, 21, 21, 21), 'variant__alpha': 0.0001, 'filter__n': 80}",135,0.668742216687,0.705974350954,0.602996254682,0.60425132854,0.60375,0.6046875,0.681704260652,0.676452217364,0.665413533835,0.720799500312,0.0410443745429,0.00146964572569,0.0340357004961,0.0494341698043
120,0.690399980545,0.151200056076,0.6585,0.718625509765,100,0.1,"(50, 50)","{'variant__hidden_layer_sizes': (50, 50), 'variant__alpha': 0.1, 'filter__n': 100}",108,0.641344956413,0.730059430716,0.65418227216,0.721788058768,0.6575,0.689375,0.666666666667,0.732667083073,0.672932330827,0.719237976265,0.0310907658109,0.00213541272277,0.0108569273446,0.0154523103917
121,0.62519993782,0.151200008392,0.67425,0.712312575914,100,0.1,"(50,)","{'variant__hidden_layer_sizes': (50,), 'variant__alpha': 0.1, 'filter__n': 100}",14,0.672478206725,0.719424460432,0.65418227216,0.69928102532,0.67,0.7146875,0.695488721805,0.713616489694,0.679197994987,0.714553404122,0.0125761216687,0.00146968466185,0.0134075177403,0.00682293161163
122,0.595399999619,0.133399963379,0.66625,0.686070223023,100,0.1,"(25,)","{'variant__hidden_layer_sizes': (25,), 'variant__alpha': 0.1, 'filter__n': 100}",52,0.691158156912,0.707225523929,0.644194756554,0.685839324789,0.66375,0.6953125,0.659147869674,0.667707682698,0.672932330827,0.674266083698,0.00801496428007,0.0227912089148,0.0155620738553,0.0142094359248
123,0.661199998856,0.149799966812,0.67625,0.709814529283,100,0.1,"(25, 25)","{'variant__hidden_layer_sizes': (25, 25), 'variant__alpha': 0.1, 'filter__n': 100}",9,0.6799501868,0.720050046919,0.661672908864,0.721162863395,0.65875,0.6834375,0.696741854637,0.706433479076,0.684210526316,0.717988757027,0.0161666934542,0.00193911337472,0.0142465981621,0.0141954054673
124,0.70640001297,0.1507999897,0.66025,0.698872370563,100,0.1,"(100, 25, 100)","{'variant__hidden_layer_sizes': (100, 25, 100), 'variant__alpha': 0.1, 'filter__n': 100}",96,0.641344956413,0.680950891461,0.651685393258,0.691466083151,0.67125,0.73375,0.682957393484,0.707058088695,0.654135338346,0.681136789507,0.0354547783307,0.00193917239724,0.0148648402194,0.0198697677809
125,0.644199943542,0.152200078964,0.6575,0.680377248456,100,0.1,"(21, 21, 21, 21)","{'variant__hidden_layer_sizes': (21, 21, 21, 21), 'variant__alpha': 0.1, 'filter__n': 100}",113,0.631382316314,0.66812636847,0.647940074906,0.723663644889,0.65375,0.6640625,0.695488721805,0.67926296065,0.659147869674,0.66677076827,0.0358741572352,0.00203960960436,0.0211305661166,0.0222546405684
126,0.658199930191,0.150400018692,0.66925,0.71224828071,100,0.01,"(50, 50)","{'variant__hidden_layer_sizes': (50, 50), 'variant__alpha': 0.01, 'filter__n': 100}",35,0.682440846824,0.720050046919,0.666666666667,0.705532979056,0.65125,0.6890625,0.674185463659,0.727045596502,0.671679197995,0.719550281074,0.0194977175,0.00307253669392,0.0103490776607,0.013533831855
127,0.638599967957,0.153000020981,0.671,0.716250838603,100,0.01,"(50,)","{'variant__hidden_layer_sizes': (50,), 'variant__alpha': 0.01, 'filter__n': 100}",23,0.67496886675,0.72098842665,0.650436953808,0.716161300406,0.66375,0.71125,0.68671679198,0.717051842598,0.679197994987,0.71580262336,0.00786379281066,0.00167328426339,0.0126899960637,0.00310817144409
128,0.603400039673,0.142000007629,0.66525,0.68625744928,100,0.01,"(25,)","{'variant__hidden_layer_sizes': (25,), 'variant__alpha': 0.01, 'filter__n': 100}",60,0.688667496887,0.705348764467,0.644194756554,0.687089715536,0.665,0.696875,0.657894736842,0.667395377889,0.670426065163,0.674578388507,0.0182493772262,0.0175156545977,0.0146633204341,0.0139289738579
129,0.651999902725,0.150400018692,0.667,0.695682908244,100,0.01,"(25, 25)","{'variant__hidden_layer_sizes': (25, 25), 'variant__alpha': 0.01, 'filter__n': 100}",48,0.681195516812,0.723803565843,0.620474406991,0.632697718037,0.65875,0.683125,0.68045112782,0.710493441599,0.694235588972,0.72829481574,0.0335321266879,0.00320002734819,0.0259155198073,0.0352093596576
130,0.685399961472,0.150400018692,0.6625,0.698123210523,100,0.01,"(100, 25, 100)","{'variant__hidden_layer_sizes': (100, 25, 100), 'variant__alpha': 0.01, 'filter__n': 100}",82,0.643835616438,0.68345323741,0.659176029963,0.689903094717,0.66125,0.7328125,0.682957393484,0.705808869457,0.665413533835,0.678638351031,0.0253818914849,0.00215405147481,0.0125556106347,0.019620674413
131,0.685999965668,0.149800014496,0.6635,0.691686197747,100,0.01,"(21, 21, 21, 21)","{'variant__hidden_layer_sizes': (21, 21, 21, 21), 'variant__alpha': 0.01, 'filter__n': 100}",75,0.637608966376,0.673443853613,0.662921348315,0.727102219444,0.6525,0.67375,0.682957393484,0.697064334791,0.681704260652,0.687070580887,0.0386005109665,0.0023999174447,0.0173343876638,0.019794005047
132,0.662799930573,0.15140004158,0.66675,0.718998320957,100,0.001,"(50, 50)","{'variant__hidden_layer_sizes': (50, 50), 'variant__alpha': 0.001, 'filter__n': 100}",50,0.672478206725,0.720050046919,0.651685393258,0.726164426383,0.65,0.6921875,0.679197994987,0.72860712055,0.68045112782,0.727982510931,0.0265509888433,0.00233236708649,0.0132856369955,0.0137428091303
133,0.65140004158,0.141200017929,0.6685,0.716998164182,100,0.001,"(50,)","{'variant__hidden_layer_sizes': (50,), 'variant__alpha': 0.001, 'filter__n': 100}",40,0.651307596513,0.723177979356,0.656679151061,0.699906220694,0.6675,0.7125,0.690476190476,0.735165521549,0.676691729323,0.714241099313,0.0191478914221,0.018170308482,0.0140447607801,0.0117321132724
134,0.607999992371,0.124400043488,0.6655,0.686257937641,100,0.001,"(25,)","{'variant__hidden_layer_sizes': (25,), 'variant__alpha': 0.001, 'filter__n': 100}",58,0.687422166874,0.706599937441,0.647940074906,0.687402313223,0.6625,0.6971875,0.657894736842,0.66677076827,0.671679197995,0.673329169269,0.0054772290581,0.0225796580532,0.0133858316738,0.0147069011448
135,0.670600032806,0.151399993896,0.66125,0.695254562877,100,0.001,"(25, 25)","{'variant__hidden_layer_sizes': (25, 25), 'variant__alpha': 0.001, 'filter__n': 100}",90,0.672478206725,0.710666249609,0.650436953808,0.701781806815,0.65625,0.6834375,0.681704260652,0.718925671455,0.645363408521,0.661461586508,0.085373487665,0.00272756101568,0.0136945038991,0.0206012359317
136,0.737400007248,0.149199962616,0.67175,0.731621087797,100,0.001,"(100, 25, 100)","{'variant__hidden_layer_sizes': (100, 25, 100), 'variant__alpha': 0.001, 'filter__n': 100}",18,0.656288916563,0.684704410385,0.661672908864,0.766489527977,0.68625,0.7653125,0.690476190476,0.707058088695,0.664160401003,0.73454091193,0.0444639045501,0.00248188548716,0.0138500379984,0.0321370823011
137,0.665600013733,0.1507999897,0.663,0.690500140398,100,0.001,"(21, 21, 21, 21)","{'variant__hidden_layer_sizes': (21, 21, 21, 21), 'variant__alpha': 0.001, 'filter__n': 100}",76,0.641344956413,0.665311229277,0.656679151061,0.737730540794,0.66375,0.68375,0.681704260652,0.701436602124,0.671679197995,0.664272329794,0.0270746279312,0.00324953830862,0.0136775722526,0.0272699857153
138,0.658000087738,0.150199985504,0.66775,0.713247499069,100,0.0001,"(50, 50)","{'variant__hidden_layer_sizes': (50, 50), 'variant__alpha': 0.0001, 'filter__n': 100}",44,0.676214196762,0.716609321239,0.666666666667,0.707721162863,0.6525,0.693125,0.672932330827,0.727982510931,0.670426065163,0.720799500312,0.0299532719171,0.0019390150116,0.00824113702916,0.0120075851551
139,0.634800004959,0.132599973679,0.6695,0.714063162364,100,0.0001,"(50,)","{'variant__hidden_layer_sizes': (50,), 'variant__alpha': 0.0001, 'filter__n': 100}",34,0.650062266501,0.722239599625,0.657927590512,0.700218818381,0.67,0.7196875,0.69298245614,0.713928794503,0.676691729323,0.714241099313,0.0241776410781,0.0217954306058,0.0149346526012,0.00761843654207
140,0.598199987411,0.13280005455,0.66475,0.685382488061,100,0.0001,"(25,)","{'variant__hidden_layer_sizes': (25,), 'variant__alpha': 0.0001, 'filter__n': 100}",65,0.686176836862,0.704097591492,0.646691635456,0.688965301657,0.66,0.693125,0.65664160401,0.66677076827,0.674185463659,0.673953778888,0.00614492284423,0.019497757608,0.0138873524002,0.0134167779125
141,0.678999948502,0.150199985504,0.66575,0.697321322719,100,0.0001,"(25, 25)","{'variant__hidden_layer_sizes': (25, 25), 'variant__alpha': 0.0001, 'filter__n': 100}",55,0.6799501868,0.726305911792,0.651685393258,0.703657392935,0.655,0.6859375,0.69298245614,0.711430356027,0.649122807018,0.659275452842,0.0354401345326,0.00203963298138,0.0175017110173,0.0230494973691
142,0.763999986649,0.150600004196,0.66525,0.715365306205,100,0.0001,"(100, 25, 100)","{'variant__hidden_layer_sizes': (100, 25, 100), 'variant__alpha': 0.0001, 'filter__n': 100}",60,0.666251556663,0.684704410385,0.657927590512,0.698968427634,0.665,0.7390625,0.68671679198,0.772329793879,0.65037593985,0.681761399126,0.0902153514343,0.00392936599809,0.0121252608339,0.0350561851321
143,0.67000002861,0.140600013733,0.66075,0.692936138695,100,0.0001,"(21, 21, 21, 21)","{'variant__hidden_layer_sizes': (21, 21, 21, 21), 'variant__alpha': 0.0001, 'filter__n': 100}",93,0.646326276463,0.671254300907,0.656679151061,0.729603000938,0.6575,0.68125,0.677944862155,0.700187382886,0.665413533835,0.682386008745,0.0289067365353,0.0178616872701,0.0105128235365,0.0205670245708
144,0.702800035477,0.150399971008,0.668,0.711687849473,120,0.1,"(50, 50)","{'variant__hidden_layer_sizes': (50, 50), 'variant__alpha': 0.1, 'filter__n': 120}",42,0.673723536737,0.717234907726,0.669163545568,0.715223507346,0.6475,0.6953125,0.690476190476,0.722985633979,0.659147869674,0.707682698314,0.0606347123179,0.00185471268064,0.0143983870652,0.00954048188268
145,0.645000076294,0.134399938583,0.67075,0.717686307155,120,0.1,"(50,)","{'variant__hidden_layer_sizes': (50,), 'variant__alpha': 0.1, 'filter__n': 120}",25,0.696139476961,0.710353456365,0.659176029963,0.744295092216,0.64375,0.6865625,0.689223057644,0.737039350406,0.665413533835,0.71018113679,0.0358719495376,0.0228613447981,0.0193854301737,0.0207911393639
146,0.620199966431,0.12620010376,0.67,0.695750246952,120,0.1,"(25,)","{'variant__hidden_layer_sizes': (25,), 'variant__alpha': 0.1, 'filter__n': 120}",30,0.681195516812,0.706287144198,0.65418227216,0.685839324789,0.65625,0.68625,0.681704260652,0.707995003123,0.676691729323,0.692379762648,0.0133027159884,0.021525738428,0.0122204739776,0.0096000155413
147,0.667600011826,0.151399993896,0.66525,0.709995488662,120,0.1,"(25, 25)","{'variant__hidden_layer_sizes': (25, 25), 'variant__alpha': 0.1, 'filter__n': 120}",60,0.663760896638,0.719424460432,0.657927590512,0.694592060019,0.65,0.6734375,0.675438596491,0.730793254216,0.679197994987,0.731730168645,0.0651263241226,0.00162483665295,0.010826644212,0.0226609841958
148,0.782000017166,0.150600004196,0.6685,0.730103964958,120,0.1,"(100, 25, 100)","{'variant__hidden_layer_sizes': (100, 25, 100), 'variant__alpha': 0.1, 'filter__n': 120}",40,0.6699875467,0.679386925242,0.664169787765,0.713973116599,0.67375,0.7128125,0.667919799499,0.831355402873,0.666666666667,0.712991880075,0.130256739419,0.00149663731451,0.00323253055546,0.0522993198343
149,0.726999998093,0.148600006104,0.66575,0.717499138449,120,0.1,"(21, 21, 21, 21)","{'variant__hidden_layer_sizes': (21, 21, 21, 21), 'variant__alpha': 0.1, 'filter__n': 120}",55,0.686176836862,0.713168595558,0.65418227216,0.721162863395,0.65375,0.7159375,0.661654135338,0.691755153029,0.672932330827,0.745471580262,0.0539703264936,0.00215398506304,0.0123692444732,0.0172036361455
150,0.690199995041,0.151399993896,0.6715,0.729060940414,120,0.01,"(50, 50)","{'variant__hidden_layer_sizes': (50, 50), 'variant__alpha': 0.01, 'filter__n': 120}",20,0.676214196762,0.722552392868,0.666666666667,0.75367302282,0.64375,0.6959375,0.68671679198,0.732354778264,0.684210526316,0.74078700812,0.0521205973191,0.00265328724036,0.0155427492362,0.0194608742249
151,0.638800048828,0.14159989357,0.66975,0.718061834371,120,0.01,"(50,)","{'variant__hidden_layer_sizes': (50,), 'variant__alpha': 0.01, 'filter__n': 120}",31,0.681195516812,0.710353456365,0.661672908864,0.747733666771,0.6475,0.6875,0.68671679198,0.736727045597,0.671679197995,0.707995003123,0.0354366323409,0.0183695926773,0.0140195535266,0.0215573358791
152,0.628200054169,0.141999912262,0.669,0.696938900279,120,0.01,"(25,)","{'variant__hidden_layer_sizes': (25,), 'variant__alpha': 0.01, 'filter__n': 120}",36,0.678704856787,0.711917422584,0.65418227216,0.686777117849,0.655,0.6859375,0.68045112782,0.707370393504,0.676691729323,0.692692067458,0.0177358627285,0.0171231404655,0.0118337842772,0.0107284705396
153,0.64279999733,0.141600036621,0.6625,0.704492888361,120,0.01,"(25, 25)","{'variant__hidden_layer_sizes': (25, 25), 'variant__alpha': 0.01, 'filter__n': 120}",82,0.656288916563,0.705035971223,0.656679151061,0.693654266958,0.65,0.6625,0.667919799499,0.723610243598,0.681704260652,0.737663960025,0.0274838398815,0.0168118999435,0.0111899889872,0.025872636481
154,0.727600049973,0.149599933624,0.6665,0.696812917731,120,0.01,"(100, 25, 100)","{'variant__hidden_layer_sizes': (100, 25, 100), 'variant__alpha': 0.01, 'filter__n': 120}",51,0.676214196762,0.682202064435,0.665418227216,0.722725851829,0.64625,0.6978125,0.672932330827,0.702373516552,0.671679197995,0.67895065584,0.0333622369395,0.00332267278363,0.0107143096769,0.0157221945758
155,0.689200019836,0.140999984741,0.66275,0.704010068422,120,0.01,"(21, 21, 21, 21)","{'variant__hidden_layer_sizes': (21, 21, 21, 21), 'variant__alpha': 0.01, 'filter__n': 120}",79,0.686176836862,0.714732561777,0.670411985019,0.701469209128,0.645,0.7615625,0.625313283208,0.633666458463,0.68671679198,0.708619612742,0.0499415403396,0.018209866392,0.0240652934311,0.0409955645676
156,0.707999992371,0.148600006104,0.669,0.72924537378,120,0.001,"(50, 50)","{'variant__hidden_layer_sizes': (50, 50), 'variant__alpha': 0.001, 'filter__n': 120}",36,0.6799501868,0.715983734751,0.652933832709,0.749921850578,0.64125,0.694375,0.704260651629,0.753903810119,0.666666666667,0.732042473454,0.0394461439427,0.002245052614,0.0218837804184,0.0220689509462
157,0.654600048065,0.149599981308,0.67025,0.720436639803,120,0.001,"(50,)","{'variant__hidden_layer_sizes': (50,), 'variant__alpha': 0.001, 'filter__n': 120}",27,0.686176836862,0.711291836096,0.65543071161,0.75367302282,0.64875,0.6865625,0.694235588972,0.742036227358,0.666666666667,0.708619612742,0.0321907623382,0.00382626950051,0.0174552546797,0.0242566537237
158,0.628199958801,0.151799964905,0.668,0.687501589975,120,0.001,"(25,)","{'variant__hidden_layer_sizes': (25,), 'variant__alpha': 0.001, 'filter__n': 120}",42,0.683686176837,0.69283703472,0.65543071161,0.688340106283,0.65625,0.685625,0.667919799499,0.678638351031,0.676691729323,0.692067457839,0.0138765835742,0.00172047893441,0.0111228553704,0.00513995766707
159,0.654599952698,0.151000070572,0.658,0.69606263024,120,0.001,"(25, 25)","{'variant__hidden_layer_sizes': (25, 25), 'variant__alpha': 0.001, 'filter__n': 120}",112,0.657534246575,0.704097591492,0.6354556804,0.703657392935,0.645,0.665625,0.689223057644,0.703310430981,0.66290726817,0.70362273579,0.021114952817,0.00178888466497,0.0183006153007,0.0152208815044
160,0.731599998474,0.148199987411,0.6645,0.700756534905,120,0.001,"(100, 25, 100)","{'variant__hidden_layer_sizes': (100, 25, 100), 'variant__alpha': 0.001, 'filter__n': 120}",68,0.667496886675,0.70816390366,0.665418227216,0.724601437949,0.645,0.69875,0.666666666667,0.692067457839,0.677944862155,0.680199875078,0.0477351406142,0.00160009265007,0.010724778047,0.0150036730096
161,0.701200056076,0.146399927139,0.66125,0.705382533326,120,0.001,"(21, 21, 21, 21)","{'variant__hidden_layer_sizes': (21, 21, 21, 21), 'variant__alpha': 0.001, 'filter__n': 120}",90,0.684931506849,0.719424460432,0.659176029963,0.718662081901,0.65,0.710625,0.634085213033,0.634291068082,0.677944862155,0.743910056215,0.0417007917298,0.00135645907881,0.0184818208512,0.0372541864344
162,0.69000005722,0.148000001907,0.669,0.725679866053,120,0.0001,"(50, 50)","{'variant__hidden_layer_sizes': (50, 50), 'variant__alpha': 0.0001, 'filter__n': 120}",36,0.67496886675,0.715670941508,0.660424469413,0.720850265708,0.63875,0.696875,0.695488721805,0.751405371643,0.675438596491,0.743597751405,0.02088058397,0.00363316646127,0.0187920475748,0.0196777853008
163,0.667999982834,0.139799976349,0.6625,0.708553584291,120,0.0001,"(50,)","{'variant__hidden_layer_sizes': (50,), 'variant__alpha': 0.0001, 'filter__n': 120}",82,0.646326276463,0.665311229277,0.656679151061,0.750234448265,0.64875,0.6828125,0.68671679198,0.736414740787,0.674185463659,0.707995003123,0.0380997743597,0.0182033454757,0.0155354626278,0.03176902631
164,0.63860001564,0.142399930954,0.67175,0.693372510182,120,0.0001,"(25,)","{'variant__hidden_layer_sizes': (25,), 'variant__alpha': 0.0001, 'filter__n': 120}",18,0.683686176837,0.691898654989,0.657927590512,0.68771491091,0.6575,0.685625,0.681704260652,0.708619612742,0.677944862155,0.693004372267,0.0162308083272,0.0182493803617,0.0116145329624,0.00808472949055
165,0.672800016403,0.149800014496,0.66075,0.714371735463,120,0.0001,"(25, 25)","{'variant__hidden_layer_sizes': (25, 25), 'variant__alpha': 0.0001, 'filter__n': 120}",93,0.656288916563,0.709415076634,0.63670411985,0.703344795249,0.6725,0.7171875,0.674185463659,0.733291692692,0.664160401003,0.708619612742,0.0216369921083,0.00248193927915,0.0136281155354,0.0104416675346
166,0.756799983978,0.147200012207,0.66975,0.713552337966,120,0.0001,"(100, 25, 100)","{'variant__hidden_layer_sizes': (100, 25, 100), 'variant__alpha': 0.0001, 'filter__n': 120}",31,0.671232876712,0.68001251173,0.661672908864,0.726164426383,0.65125,0.6971875,0.681704260652,0.786383510306,0.682957393484,0.678013741412,0.0625568005495,0.000748353705077,0.0120525877816,0.0402968091772
167,0.753200006485,0.146799993515,0.66475,0.711493215037,120,0.0001,"(21, 21, 21, 21)","{'variant__hidden_layer_sizes': (21, 21, 21, 21), 'variant__alpha': 0.0001, 'filter__n': 120}",65,0.6600249066,0.682827650923,0.651685393258,0.71678649578,0.6575,0.7209375,0.670426065163,0.69144284822,0.684210526316,0.745471580262,0.0326521135379,0.00183306911297,0.0114522706221,0.022340431591
168,0.71219997406,0.148800039291,0.67025,0.729067151796,150,0.1,"(50, 50)","{'variant__hidden_layer_sizes': (50, 50), 'variant__alpha': 0.1, 'filter__n': 150}",27,0.667496886675,0.742571160463,0.686641697878,0.72741481713,0.67625,0.735,0.666666666667,0.74078700812,0.654135338346,0.699562773267,0.0709123235681,0.000400018706227,0.0108117803078,0.0156725909306
169,0.676999998093,0.141599988937,0.67975,0.701633547071,150,0.1,"(50,)","{'variant__hidden_layer_sizes': (50,), 'variant__alpha': 0.1, 'filter__n': 150}",2,0.688667496887,0.714732561777,0.686641697878,0.720850265708,0.6625,0.7084375,0.661654135338,0.676764522174,0.699248120301,0.687382885696,0.0759315872365,0.0173505604328,0.015038651847,0.0167851719434
170,0.692600011826,0.149200057983,0.68125,0.709876304386,150,0.1,"(25,)","{'variant__hidden_layer_sizes': (25,), 'variant__alpha': 0.1, 'filter__n': 150}",1,0.692403486924,0.713168595558,0.670411985019,0.709596748984,0.67625,0.7125,0.671679197995,0.71611492817,0.695488721805,0.698001249219,0.0528945873961,0.00248193543697,0.0105932220268,0.0062886957788
171,0.720399951935,0.149200057983,0.6645,0.742444053294,150,0.1,"(25, 25)","{'variant__hidden_layer_sizes': (25, 25), 'variant__alpha': 0.1, 'filter__n': 150}",68,0.637608966376,0.765405067251,0.670411985019,0.752422632073,0.665,0.7225,0.669172932331,0.726733291693,0.68045112782,0.745159275453,0.027601462027,0.00365514763336,0.0143990886022,0.0159921600768
172,0.753600025177,0.147600030899,0.67125,0.712001301712,150,0.1,"(100, 25, 100)","{'variant__hidden_layer_sizes': (100, 25, 100), 'variant__alpha': 0.1, 'filter__n': 150}",22,0.682440846824,0.702533625274,0.659176029963,0.717099093467,0.67,0.7384375,0.685463659148,0.724859462836,0.659147869674,0.677076826983,0.0306111419615,0.00120003223774,0.0111431468009,0.0209740229828
173,0.71939997673,0.147000026703,0.6755,0.721498219607,150,0.1,"(21, 21, 21, 21)","{'variant__hidden_layer_sizes': (21, 21, 21, 21), 'variant__alpha': 0.1, 'filter__n': 150}",10,0.677459526775,0.712230215827,0.667915106117,0.701156611441,0.66375,0.7609375,0.691729323308,0.714553404122,0.676691729323,0.718613366646,0.0193246356296,0.00126497017701,0.00962983176016,0.0205508471527
174,0.742399930954,0.139400005341,0.67475,0.726059901089,150,0.01,"(50, 50)","{'variant__hidden_layer_sizes': (50, 50), 'variant__alpha': 0.01, 'filter__n': 150}",12,0.682440846824,0.714732561777,0.686641697878,0.710534542044,0.65625,0.756875,0.674185463659,0.692067457839,0.674185463659,0.756089943785,0.0582910330013,0.0168475737236,0.0104292472131,0.0259854011811
175,0.68159995079,0.150399971008,0.6765,0.703072316889,150,0.01,"(50,)","{'variant__hidden_layer_sizes': (50,), 'variant__alpha': 0.01, 'filter__n': 150}",7,0.688667496887,0.712543009071,0.659176029963,0.750234448265,0.67625,0.6871875,0.66290726817,0.678013741412,0.695488721805,0.687382885696,0.0363240263902,0.0026532117582,0.0140934830881,0.0262311971135
176,0.644199991226,0.151000022888,0.67875,0.710623724392,150,0.01,"(25,)","{'variant__hidden_layer_sizes': (25,), 'variant__alpha': 0.01, 'filter__n': 150}",3,0.682440846824,0.701595245543,0.667915106117,0.70803376055,0.66875,0.726875,0.677944862155,0.717988757027,0.696741854637,0.698625858838,0.0158921823539,0.00219092731842,0.0105333688411,0.0104930242112
177,0.72560005188,0.138000011444,0.66625,0.735130219442,150,0.01,"(25, 25)","{'variant__hidden_layer_sizes': (25, 25), 'variant__alpha': 0.01, 'filter__n': 150}",52,0.666251556663,0.748827025336,0.674157303371,0.723351047202,0.64625,0.7603125,0.672932330827,0.72829481574,0.671679197995,0.714865708932,0.0140939286169,0.0160125257105,0.0103590348744,0.0168396661157
178,0.750200033188,0.14719991684,0.67075,0.7287544087,150,0.01,"(100, 25, 100)","{'variant__hidden_layer_sizes': (100, 25, 100), 'variant__alpha': 0.01, 'filter__n': 150}",25,0.676214196762,0.698154519862,0.657927590512,0.798061894342,0.66375,0.7365625,0.695488721805,0.73454091193,0.660401002506,0.676452217364,0.0753163774399,0.000748379193095,0.0138628817702,0.041400120509
179,0.700000047684,0.148199987411,0.67425,0.732003831117,150,0.01,"(21, 21, 21, 21)","{'variant__hidden_layer_sizes': (21, 21, 21, 21), 'variant__alpha': 0.01, 'filter__n': 150}",14,0.6699875467,0.743822333438,0.670411985019,0.70615817443,0.66125,0.771875,0.687969924812,0.713304184884,0.681704260652,0.724859462836,0.0382622463594,0.00213539485788,0.00943587033453,0.0236563050461
180,0.705600070953,0.147799921036,0.67325,0.734255315957,150,0.001,"(50, 50)","{'variant__hidden_layer_sizes': (50, 50), 'variant__alpha': 0.001, 'filter__n': 150}",16,0.672478206725,0.747888645605,0.686641697878,0.709596748984,0.65875,0.7796875,0.690476190476,0.730793254216,0.657894736842,0.703310430981,0.0293980190546,0.0014696716817,0.0135764802009,0.0276679154512
181,0.653399991989,0.15140004158,0.6775,0.700508957648,150,0.001,"(50,)","{'variant__hidden_layer_sizes': (50,), 'variant__alpha': 0.001, 'filter__n': 150}",5,0.684931506849,0.714732561777,0.670411985019,0.732416380119,0.67625,0.68875,0.661654135338,0.679575265459,0.694235588972,0.687070580887,0.03620278686,0.00377356661652,0.0112884284951,0.0198870663836
182,0.656199979782,0.150400018692,0.6755,0.712188491972,150,0.001,"(25,)","{'variant__hidden_layer_sizes': (25,), 'variant__alpha': 0.001, 'filter__n': 150}",10,0.684931506849,0.713168595558,0.657927590512,0.707721162863,0.67,0.724375,0.669172932331,0.71580262336,0.695488721805,0.699875078076,0.0113030817541,0.00185472810392,0.0131696187591,0.00817448124082
183,0.690400028229,0.148999929428,0.673,0.736058873081,150,0.001,"(25, 25)","{'variant__hidden_layer_sizes': (25, 25), 'variant__alpha': 0.001, 'filter__n': 150}",17,0.67496886675,0.732248983422,0.681647940075,0.733979368553,0.65875,0.7196875,0.675438596491,0.777326670831,0.674185463659,0.717051842598,0.0377920438277,0.00289826271488,0.00760483426222,0.0216848324584
184,0.83579993248,0.147400045395,0.662,0.725086481917,150,0.001,"(100, 25, 100)","{'variant__hidden_layer_sizes': (100, 25, 100), 'variant__alpha': 0.001, 'filter__n': 150}",88,0.681195516812,0.747575852362,0.661672908864,0.809315411066,0.66375,0.734375,0.646616541353,0.658026233604,0.65664160401,0.676139912555,0.111005249638,0.00162483665295,0.0112935294928,0.0539988970497
185,0.718399953842,0.147400045395,0.671,0.720932127369,150,0.001,"(21, 21, 21, 21)","{'variant__hidden_layer_sizes': (21, 21, 21, 21), 'variant__alpha': 0.001, 'filter__n': 150}",23,0.663760896638,0.708789490147,0.671660424469,0.705845576743,0.665,0.7309375,0.682957393484,0.738288569644,0.671679197995,0.720799500312,0.0461241718266,0.00162483665295,0.00681351315998,0.01246129053
186,0.691000032425,0.148400020599,0.6765,0.719871893887,150,0.0001,"(50, 50)","{'variant__hidden_layer_sizes': (50, 50), 'variant__alpha': 0.0001, 'filter__n': 150}",7,0.687422166874,0.715983734751,0.679151061174,0.709284151297,0.67,0.720625,0.674185463659,0.694878201124,0.671679197995,0.758588382261,0.0162356670379,0.00215407803683,0.0062857570528,0.0212199735785
187,0.669199991226,0.149400091171,0.6745,0.694943722419,150,0.0001,"(50,)","{'variant__hidden_layer_sizes': (50,), 'variant__alpha': 0.0001, 'filter__n': 150}",13,0.688667496887,0.715670941508,0.665418227216,0.683963738668,0.66625,0.709375,0.661654135338,0.67895065584,0.690476190476,0.686758276077,0.0471652154251,0.00149672652257,0.0124202988639,0.014705231296
188,0.667000007629,0.147799968719,0.67725,0.712125563542,150,0.0001,"(25,)","{'variant__hidden_layer_sizes': (25,), 'variant__alpha': 0.0001, 'filter__n': 150}",6,0.684931506849,0.716609321239,0.65543071161,0.707408565177,0.67875,0.7125,0.672932330827,0.722673329169,0.694235588972,0.701436602124,0.0106018108483,0.0017205011076,0.0129964447782,0.00732125146751
189,0.732599973679,0.146199989319,0.6715,0.733114633716,150,0.0001,"(25, 25)","{'variant__hidden_layer_sizes': (25, 25), 'variant__alpha': 0.0001, 'filter__n': 150}",20,0.6699875467,0.717860494213,0.682896379526,0.715536105033,0.67125,0.7146875,0.665413533835,0.772329793879,0.667919799499,0.745159275453,0.0598851623334,0.00213536359556,0.00603550586177,0.0226457717059
190,0.715399980545,0.147800016403,0.67775,0.705873975191,150,0.0001,"(100, 25, 100)","{'variant__hidden_layer_sizes': (100, 25, 100), 'variant__alpha': 0.0001, 'filter__n': 150}",4,0.687422166874,0.6962777604,0.685393258427,0.684276336355,0.66375,0.7540625,0.694235588972,0.717051842598,0.657894736842,0.677701436602,0.0232602354298,0.00160003304498,0.014231901874,0.027565615956
191,0.713999938965,0.147400045395,0.66725,0.720745839748,150,0.0001,"(21, 21, 21, 21)","{'variant__hidden_layer_sizes': (21, 21, 21, 21), 'variant__alpha': 0.0001, 'filter__n': 150}",47,0.672478206725,0.712855802315,0.660424469413,0.723038449515,0.66625,0.70375,0.669172932331,0.744222361024,0.667919799499,0.719862585884,0.0237234273569,0.00135647314398,0.00398041921399,0.0134780896837
